last_name, first_name,player_id,year,xba,xslg,xwoba,xobp,xiso,exit_velocity_avg,launch_angle_avg,barrel_batted_rate,oz_swing_percent,iz_contact_percent,in_zone_percent,
Perez, Oliver,424144,2022,.380,.691,.415,.389,.311,88.8,16,10,29,95.8,57.5,
Wainwright, Adam,425794,2022,.280,.476,.344,.329,.196,88.8,10.4,8.2,25.2,89,50.2,
Greinke, Zack,425844,2022,.312,.521,.378,.352,.209,88.3,13.9,7.4,30.5,88.6,47.1,
Molina, Yadier,425877,2022,.432,.693,.473,.432,.261,95.1,19.1,9.1,16.7,88.9,55,
Verlander, Justin,434378,2022,.236,.400,.291,.279,.165,88.5,15.8,7.2,29.5,80.4,54.1,
Escobar, Alcides,444876,2022,.302,.490,.408,.442,.188,91.4,10.2,0,23.5,100,29.2,
Jansen, Kenley,445276,2022,.185,.335,.242,.234,.149,86.5,18.9,6.8,31,74.7,55.2,
Chavez, Jesse,445926,2022,.295,.496,.360,.348,.201,90.4,14.4,10.7,28.3,80,49.6,
Detwiler, Ross,446321,2022,.299,.534,.380,.369,.235,92.9,18,10.6,25,81,53.5,
Kluber, Corey,446372,2022,.266,.462,.326,.304,.196,87.4,18.7,6.9,33.9,84.2,48.7,
Hill, Rich,448179,2022,.259,.477,.341,.324,.218,88.3,15.2,8.9,25.4,84.7,53.8,
Doolittle, Sean,448281,2022,.155,.326,.199,.155,.171,95.6,24.7,9.1,36,72.7,54.5,
Morton, Charlie,450203,2022,.247,.432,.330,.330,.185,88.5,13.6,8.2,27,82.2,49.2,
Kennedy, Ian,453178,2022,.291,.522,.369,.367,.231,92,24.6,9.3,23,79.7,52.5,
Bard, Daniel,453268,2022,.156,.255,.242,.274,.099,86.8,5.5,3.9,23,79.1,54.2,
Scherzer, Max,453286,2022,.205,.369,.276,.261,.163,88.1,23.7,10.5,33.7,75.5,49.9,
Melancon, Mark,453343,2022,.285,.425,.325,.333,.140,88.4,11.3,4.8,27.5,85.8,51.7,
Martin, Chris,455119,2022,.254,.435,.298,.277,.181,89.7,6.8,8.8,25.1,78.9,52.2,
Price, David,456034,2022,.266,.455,.317,.307,.189,88.2,9.4,6.5,24.6,83.3,58.9,
Cueto, Johnny,456501,2022,.267,.460,.332,.319,.193,89.4,12.7,8.5,32.4,86.3,45.8,
Bush, Matt,456713,2022,.210,.336,.270,.277,.126,91.1,15.5,4.1,27.8,74.5,54.1,
Wilson, Justin,458677,2022,.201,.374,.239,.201,.173,93.5,7.2,16.7,32.1,50,48.1,
Lynn, Lance,458681,2022,.268,.409,.326,.335,.141,89.2,14.9,4.9,26.3,78.4,46.5,
McGee, Jake,459429,2022,.344,.679,.443,.388,.335,90,20.3,13.9,27.4,82.6,53.8,
Chacin, Jhoulys,468504,2022,.267,.501,.356,.338,.234,90.4,13.3,9.5,23.6,84.8,48.3,
Carrasco, Carlos,471911,2022,.264,.456,.330,.320,.192,88.6,10.7,8.1,36.1,81.8,45.9,
Garcia, Luis,472610,2022,.259,.374,.300,.311,.115,90.4,4.4,5.2,31.2,81.3,46.6,
Phelps, David,475479,2022,.254,.372,.317,.343,.118,88,15,3.2,23.5,83.5,43.3,
Luetge, Lucas,476595,2022,.223,.315,.267,.291,.093,84.6,14.7,3.4,32.4,88.8,39.4,
Kershaw, Clayton,477132,2022,.218,.337,.258,.258,.118,86.9,11,4.2,34.3,83.3,48.9,
Hunter, Tommy,488984,2022,.282,.475,.331,.302,.193,91,15.5,7.7,35.9,75.9,52.2,
Miley, Wade,489119,2022,.258,.353,.310,.343,.095,88.3,9.4,0,27.7,85.1,44.4,
Romo, Sergio,489265,2022,.276,.580,.374,.330,.304,86.1,24.3,12.3,33,84.5,43.4,
Stammen, Craig,489334,2022,.257,.427,.305,.291,.170,88.7,7.7,5.9,26.9,87.8,45.1,
Ottavino, Adam,493603,2022,.220,.361,.283,.289,.141,84.4,9.2,4.7,28.5,80.7,48.2,
Quintana, Jose,500779,2022,.278,.458,.339,.334,.180,86.7,10.9,8.2,32.4,82.3,42.8,
Pineda, Michael,501381,2022,.324,.612,.403,.351,.288,92,16.6,10.2,23.9,89.4,53.6,
Alvarez, Jose,501625,2022,.300,.569,.407,.404,.269,86.9,6.9,12.2,31.6,85.2,44.3,
Smith, Joe,501925,2022,.276,.490,.351,.342,.214,90,1.3,9.2,32.4,85.7,48.1,
Minor, Mike,501985,2022,.256,.526,.353,.322,.270,89.6,19.6,12.3,26.1,85.9,48.2,
Archer, Chris,502042,2022,.265,.478,.358,.357,.212,89,13.7,9.4,22.5,81.8,47.8,
Gibson, Kyle,502043,2022,.269,.460,.339,.329,.191,88.7,11.2,7.2,30.2,83.7,47.7,
Robertson, David,502085,2022,.192,.357,.297,.307,.165,88.1,9.7,7.9,25.1,75.9,49.5,
Cobb, Alex,502171,2022,.234,.345,.281,.294,.111,87.5,-2,3.7,33.6,84.9,46.1,
Espino, Paolo,502179,2022,.274,.510,.346,.312,.236,89.1,17.7,9.1,24.9,84.5,50.7,
Boxberger, Brad,502202,2022,.225,.402,.313,.310,.177,88.8,19.9,6.9,22.1,84.1,52.6,
O'Day, Darren,503285,2022,.200,.326,.267,.293,.126,85.6,18.6,5.3,34.6,76.2,45.2,
Peralta, Wily,503449,2022,.231,.352,.313,.345,.121,88.4,11,4.3,23.4,83.4,48.6,
Darvish, Yu,506433,2022,.244,.434,.313,.297,.190,88,15.8,8,28.4,80.8,54.2,
Colome, Alex,517008,2022,.300,.505,.360,.348,.205,89.4,1.7,9.3,30.5,86.3,44.4,
Brasier, Ryan,518489,2022,.274,.493,.334,.299,.219,90.9,11.9,9.2,33.2,85.3,53,
Bumgarner, Madison,518516,2022,.276,.503,.357,.337,.227,90.2,15.5,8.1,25.5,85.4,48.6,
Cishek, Steve,518553,2022,.257,.434,.341,.352,.178,87.1,14.6,5.9,25.6,86.6,47.3,
Diekman, Jake,518617,2022,.218,.375,.340,.382,.156,89.9,16.8,7.4,25.5,76.7,46.6,
Grimm, Justin,518748,2022,.283,.437,.362,.376,.154,85.9,12,9.8,29.5,89.3,43.7,
Holland, Greg,518813,2022,.351,.884,.523,.394,.533,95.2,3.7,28.6,21.4,81.8,47.5,
Kelly, Merrill,518876,2022,.238,.409,.307,.304,.171,88.2,13.9,7.5,30.1,82.2,48.5,
Kimbrel, Craig,518886,2022,.206,.373,.288,.295,.166,90.5,14.1,9.7,28.4,76.6,49.4,
McFarland, T.J.,519008,2022,.341,.551,.403,.395,.210,93.5,3.3,8.4,28.3,87.8,46.4,
Moore, Matt,519043,2022,.197,.293,.274,.315,.096,88.1,7.5,3.2,32.1,77.9,48.4,
Pressly, Ryan,519151,2022,.263,.431,.322,.318,.168,89.6,9.8,4.9,30.3,78.4,47.3,
Smith, Will,519293,2022,.227,.402,.319,.332,.175,88.4,15.7,6.3,35.7,84.3,45.6,
Strickland, Hunter,519326,2022,.279,.475,.376,.397,.195,89.3,18.1,6.3,26.4,83.2,47.7,
Baez, Pedro,520980,2022,.369,.622,.478,.495,.254,90,12.2,9.1,18.9,69.2,49.3,
Hendriks, Liam,521230,2022,.209,.414,.287,.269,.205,91,16.7,10.8,31,74.5,42.4,
Kelly, Joe,523260,2022,.251,.375,.338,.374,.124,84.4,-0.9,4.9,26.4,83.3,42.8,
Perez, Martin,527048,2022,.253,.384,.300,.304,.132,88.7,8.1,4.1,28.4,83.7,45.2,
Vizcaino, Arodys,527055,2022,.318,.643,.470,.483,.325,94.3,14.7,10.5,16.4,85.3,41.7,
Castellanos, Humberto,528748,2022,.293,.510,.366,.350,.217,89.6,16.5,6.9,26.9,87.7,51.7,
Ramirez, Erasmo,541640,2022,.266,.442,.330,.324,.176,90.2,14.1,5.4,26.4,85.7,51.5,
Anderson, Tyler,542881,2022,.240,.408,.295,.283,.168,86.2,16.9,5.6,34.8,81.6,52.5,
Armstrong, Shawn,542888,2022,.259,.419,.323,.327,.160,88.5,11.7,7.8,33.3,79,50.6,
Bass, Anthony,542914,2022,.225,.362,.269,.262,.137,86.2,15.9,5.9,34.4,83,49.7,
Bleier, Richard,542947,2022,.291,.473,.339,.325,.182,92.2,6.2,4.8,29.3,86.5,57.2,
Cole, Gerrit,543037,2022,.220,.414,.297,.279,.193,89.2,12.2,9.1,32.4,74.8,48,
Coulombe, Danny,543056,2022,.203,.280,.284,.335,.077,83.8,13.9,0,27.3,77.3,39.6,
DeSclafani, Anthony,543101,2022,.313,.521,.372,.352,.209,91.6,14,6.9,30.6,86.3,48.3,
Eovaldi, Nathan,543135,2022,.269,.513,.340,.298,.244,91.3,12.2,11.7,31.6,80,53.9,
Gose, Anthony,543238,2022,.225,.537,.367,.349,.312,92.9,23.4,22.4,24.5,77.2,47.6,
Gray, Sonny,543243,2022,.236,.380,.292,.293,.144,87.4,13.3,6,27.1,85.7,48,
Hand, Brad,543272,2022,.211,.357,.315,.336,.146,87.1,13.2,4.1,19.7,83.7,51.6,
Hendricks, Kyle,543294,2022,.287,.523,.366,.342,.236,87.5,16.5,9.9,30.6,83.2,45,
Hudson, Daniel,543339,2022,.225,.325,.271,.283,.101,88.3,8.3,3.3,23.6,73.5,50,
Lyles, Jordan,543475,2022,.294,.524,.378,.356,.230,89.4,14.6,11.6,27.6,85.2,47.1,
May, Trevor,543507,2022,.288,.514,.360,.340,.226,89.5,15.2,6.1,21.6,94.3,51.9,
McHugh, Collin,543521,2022,.243,.381,.286,.289,.138,86.8,15.9,5,34.5,80.5,46.2,
Milone, Tommy,543548,2022,.287,.503,.323,.279,.217,87.6,22.7,6.1,34.3,92.5,48.1,
Odorizzi, Jake,543606,2022,.275,.433,.333,.337,.159,87.6,20.9,5.4,28,84.7,49.3,
Shaw, Bryan,543766,2022,.275,.506,.372,.363,.230,91.7,6,10.6,23,84,49,
Weber, Ryan,543901,2022,.265,.419,.289,.265,.154,88.7,6.9,7.1,19.2,90.5,55.9,
Banuelos, Manny,544365,2022,.259,.410,.334,.352,.151,88.9,0.7,6.9,24.1,84.7,44,
Familia, Jeurys,544727,2022,.273,.486,.356,.352,.214,90.6,7.5,12.6,26.9,78.6,45.8,
Strasburg, Stephen,544931,2022,.252,.445,.346,.349,.193,86.6,16.2,6.7,16.7,91.7,56.6,
Head, Louis,545343,2022,.263,.466,.355,.363,.203,90.6,18.7,6.8,25.3,85.4,47.9,
Poteet, Cody,547001,2022,.245,.393,.316,.328,.148,90.9,5,4.3,26.9,73.8,50.7,
Lorenzen, Michael,547179,2022,.252,.417,.327,.335,.165,88.8,9.9,7.4,28.9,83.1,47.4,
Kelly, Michael,547184,2022,.269,.470,.373,.382,.200,82.8,35.7,12.5,25,82.4,52,
Ryu, Hyun Jin,547943,2022,.308,.557,.373,.332,.249,91.1,11.2,9.7,23.5,87.1,53.7,
Chapman, Aroldis,547973,2022,.249,.449,.362,.385,.200,87.9,17.4,8.3,25.7,77.8,43.2,
Raley, Brooks,548384,2022,.203,.283,.273,.308,.080,87.7,13.9,1.7,31.2,81.4,45.3,
Stripling, Ross,548389,2022,.286,.465,.335,.321,.180,89.2,9.3,9.2,33.3,84.6,48.5,
Kittredge, Andrew,552640,2022,.227,.439,.287,.248,.212,88.4,11.5,8.5,42.7,89.9,46.8,
Garcia, Yimi,554340,2022,.197,.310,.242,.245,.112,86,19.2,3.9,23.7,76.9,50.3,
Wheeler, Zack,554430,2022,.229,.347,.276,.284,.118,85.9,11.4,5.2,33.4,81,50.9,
Matzek, Tyler,554431,2022,.247,.425,.357,.385,.178,90.7,16.6,7.5,28,76.8,43.5,
Rodriguez, Joely,570257,2022,.200,.283,.282,.326,.083,82.7,7.6,1.6,37.6,81.1,45.7,
Valdez, Phillips,570488,2022,.239,.365,.334,.370,.126,88.4,10.2,4.7,23.2,80.3,49.6,
Urena, Jose,570632,2022,.291,.552,.392,.377,.261,87.4,6.9,7.1,30.4,87.9,43,
Robles, Hansel,570663,2022,.287,.566,.399,.381,.279,92.7,13.1,11.8,19.2,81.1,48.1,
Cessa, Luis,570666,2022,.291,.531,.375,.356,.240,89.6,3.5,12,28.6,87,49.7,
Appel, Mark,571446,2022,.266,.413,.345,.371,.147,95,2.3,9.1,4.3,92.9,47.7,
Bellatti, Andrew,571479,2022,.209,.436,.316,.293,.226,88.2,21.4,14.9,30.4,75.5,42.1,
Corbin, Patrick,571578,2022,.307,.540,.385,.364,.234,90.7,11.9,9.6,28.1,85.8,49.3,
Farmer, Buck,571656,2022,.259,.460,.352,.355,.201,88.7,15,8.3,25.8,75.3,42,
Floro, Dylan,571670,2022,.270,.407,.310,.311,.137,88.5,9.8,5.5,35.7,88.1,47.1,
Giles, Ken,571704,2022,.190,.246,.275,.333,.056,92.9,15,12.5,35,68.8,40.3,
Givens, Mychal,571710,2022,.213,.405,.307,.313,.192,87.9,14.1,9.3,24.5,75.1,50.3,
Heaney, Andrew,571760,2022,.189,.332,.262,.265,.143,91.4,17.5,5.9,34.7,78.6,46.8,
Hutchison, Drew,571800,2022,.281,.514,.378,.366,.233,90.5,15.8,9.6,30.6,86.3,47.9,
Koch, Matt,571863,2022,.315,.642,.412,.351,.328,89,25.5,13.3,30,78.3,44.4,
Loup, Aaron,571901,2022,.285,.493,.367,.366,.208,91,9.8,7.9,29.5,80.8,46.8,
Markel, Parker,571917,2022,.260,.556,.473,.544,.297,102.4,16.4,20,17.1,81.8,32.8,
Matz, Steven,571927,2022,.282,.456,.332,.321,.174,89.6,13.7,10.8,26.6,77,54.9,
Mikolas, Miles,571945,2022,.262,.439,.318,.305,.177,88.2,11.5,6.9,28.6,87,52.2,
Milner, Hoby,571948,2022,.231,.341,.276,.288,.110,84,5.9,3.2,29.4,82.5,41.5,
Richards, Garrett,572070,2022,.260,.444,.338,.337,.183,88.5,9.5,7.1,33.2,83.9,46,
Selman, Sam,572125,2022,.217,.355,.273,.269,.138,88.2,12.7,3.7,33,80.7,42.6,
Taylor, Michael A.,572191,2022,.345,.739,.484,.445,.395,91.9,13.7,22.2,22.7,80,40.5,
Tepera, Ryan,572193,2022,.235,.409,.310,.307,.174,87.5,17.1,6.1,28.1,87.3,41.4,
VerHagen, Drew,572403,2022,.303,.527,.394,.403,.225,87.5,17.7,7.6,28.2,78.8,42.6,
Bard, Luke,572703,2022,.289,.397,.340,.370,.108,88.4,14.5,4.2,27.8,71.4,43.6,
Johnson, Pierce,572955,2022,.188,.233,.255,.304,.046,84.8,4.6,0,14.3,75,54.3,
Keuchel, Dallas,572971,2022,.283,.445,.346,.361,.162,88.7,4,7.3,29.7,87.7,39.7,
Mantiply, Joe,573009,2022,.217,.294,.237,.246,.076,84.9,4.9,1,41.4,79.4,50.9,
Rogers, Taylor,573124,2022,.243,.408,.317,.319,.165,89,10.8,7.7,29.6,79.3,50.5,
Stroman, Marcus,573186,2022,.289,.480,.347,.333,.192,91.2,10.6,7.2,29.5,86.8,51.8,
Thielbar, Caleb,573204,2022,.206,.369,.286,.287,.164,82.9,19.8,8.6,34.6,72.4,49,
Minaya, Juan,573668,2022,.200,.282,.295,.343,.082,88.7,4.5,0,27.6,76.8,50,
Kikuchi, Yusei,579328,2022,.275,.557,.404,.393,.283,92.8,9.6,16.1,23.8,76.2,50.1,
Adam, Jason,592094,2022,.160,.248,.217,.237,.089,86.3,19.3,2.7,34.7,72.7,49.3,
Brice, Austin,592169,2022,.267,.345,.292,.316,.079,80.9,-0.7,8.3,14.3,95,60.4,
Gausman, Kevin,592332,2022,.266,.422,.309,.298,.156,88.5,9.4,7.1,42,79.3,48,
Gonzalez, Chi Chi,592346,2022,.305,.554,.376,.340,.249,87.8,10,7.9,27.7,89.5,51.2,
Gray, Jon,592351,2022,.252,.434,.324,.317,.182,88.3,11.5,7.2,30.7,81.1,50.1,
Hembree, Heath,592390,2022,.297,.626,.429,.421,.329,89.5,24.4,15.4,17.5,86.7,46.8,
Kahnle, Tommy,592454,2022,.186,.400,.329,.339,.214,82,10.4,12.5,24,75,50,
Kolarek, Adam,592473,2022,.267,.421,.347,.369,.154,87.5,0.5,5.1,25.8,92.1,41.7,
Ray, Robbie,592662,2022,.226,.406,.306,.301,.180,89.6,13.3,8.2,31,75.5,48,
Sampson, Adrian,592716,2022,.265,.453,.315,.291,.188,87.7,13,6.3,29.5,79.2,48.5,
Sanchez, Aaron,592717,2022,.320,.525,.375,.363,.205,93.8,8.7,5.2,27.4,86,51.3,
Shreve, Chasen,592741,2022,.274,.501,.358,.341,.227,89.5,14.9,12,30.7,84.2,42.2,
Smith, Caleb,592761,2022,.225,.427,.334,.341,.203,83.9,22.9,7.6,25.9,79.8,49.3,
Smyly, Drew,592767,2022,.272,.493,.347,.318,.221,85,11.2,9.7,32.4,81.1,50,
Stanek, Ryne,592773,2022,.196,.314,.275,.301,.118,89.4,15.9,3,30.4,73.3,39.6,
Syndergaard, Noah,592789,2022,.266,.450,.337,.319,.184,87.8,10.8,7.8,28.1,81.5,53.9,
Taillon, Jameson,592791,2022,.283,.461,.328,.311,.178,88.5,13.8,6.7,31.2,82.4,50.3,
Thornburg, Tyler,592804,2022,.191,.313,.281,.303,.123,88.6,21.3,1.6,23.4,87.1,43.4,
Velasquez, Vince,592826,2022,.292,.587,.394,.356,.294,90.8,19.3,13.9,26.2,81.9,49.5,
Walker, Taijuan,592836,2022,.258,.411,.312,.312,.154,89,8.6,6.1,32.2,83.9,47.1,
Wick, Rowan,592858,2022,.299,.498,.367,.371,.199,88.9,11.2,9.1,27.8,85.3,51.9,
Williams, Trevor,592866,2022,.255,.484,.333,.306,.230,88,17.2,10.4,27.2,84.1,47.2,
Feliz, Michael,593140,2022,.264,.547,.413,.421,.283,88.6,-2.8,14.3,21.9,88.2,47.5,
Montas, Frankie,593423,2022,.241,.406,.303,.292,.164,88.6,11,7.6,33.4,80.5,47.4,
Neris, Hector,593576,2022,.240,.476,.336,.312,.236,91.5,19.3,10.1,32.3,79.8,50.6,
Tapia, Domingo,593619,2022,.247,.342,.315,.355,.095,88.1,13.9,0,23.9,80.4,50.7,
Rodriguez, Eduardo,593958,2022,.245,.439,.325,.320,.195,87.7,15.6,7.6,28.9,85.4,48,
Peralta, Wandy,593974,2022,.202,.296,.254,.272,.094,84.2,8.8,4.3,32.4,78.6,41.8,
Gustave, Jandel,594311,2022,.250,.470,.338,.321,.220,92.3,14.5,9.1,26.6,86.5,52.8,
Mayers, Mike,594577,2022,.296,.534,.382,.361,.239,90.8,19.8,13,26.4,89.2,42.6,
Moll, Sam,594580,2022,.210,.321,.275,.328,.111,87.6,11.8,6.3,23.8,79,48.6,
Gonzales, Marco,594835,2022,.283,.475,.351,.347,.192,87.7,12.6,6.9,29.6,84.8,49.1,
Treinen, Blake,595014,2022,.141,.393,.220,.141,.252,89.7,6.3,20,31.6,64.3,53.7,
Eickhoff, Jerad,595191,2022,.349,.634,.441,.433,.285,87.4,9.6,10.5,29.3,90,50.6,
Okert, Steven,595345,2022,.199,.337,.304,.333,.137,86.3,20.9,7.6,28.6,77.8,48.7,
Beede, Tyler,595881,2022,.289,.453,.358,.376,.163,88.5,9.6,4.5,24,85.6,46.3,
Ellis, Chris,595939,2022,.274,.340,.385,.477,.066,83.7,3.8,0,12.5,85.7,51.8,
Junis, Jakob,596001,2022,.260,.459,.325,.304,.199,89.6,11,8.1,29.4,86.3,52,
Mengden, Daniel,596043,2022,.241,.398,.255,.229,.157,90.1,17.7,8.3,20.8,70.4,63.1,
Norris, Daniel,596057,2022,.212,.450,.340,.337,.239,89.9,10.4,16.7,28,79.1,42.9,
Peters, Dillon,596071,2022,.255,.397,.341,.373,.142,86.8,13.7,6,31.2,80.8,43,
Reed, Jake,596082,2022,.216,.517,.392,.399,.301,88.1,18.6,11.8,12.3,75.7,45.5,
Stephenson, Robert,596112,2022,.268,.492,.345,.332,.224,89.9,18.7,5.7,31.9,81.5,46.9,
Weaver, Luke,596133,2022,.331,.524,.383,.375,.193,90.1,8.9,9.1,31.1,85.2,47.4,
Lawrence, Casey,596271,2022,.302,.525,.364,.340,.223,85.4,9.8,10.9,39.9,91.9,45,
Gomber, Austin,596295,2022,.299,.519,.366,.348,.220,87.8,10.9,8.8,27.3,85.1,51.1,
Barnes, Matt,598264,2022,.254,.467,.363,.376,.214,91.9,12.3,9.3,25.2,81.3,47.1,
Ramirez, Noe,598287,2022,.224,.429,.321,.318,.206,87.8,13.3,8.1,31.7,79.1,48,
Leclerc, Jose,600917,2022,.184,.319,.260,.264,.135,83.8,27.9,6.7,30.4,80.4,46.6,
Machado, Andres,600921,2022,.273,.494,.353,.340,.221,88.7,9.1,9.2,31.8,82.3,47.3,
Pivetta, Nick,601713,2022,.258,.470,.340,.326,.211,91.1,17.5,8.6,25.9,82.4,51.6,
Barlow, Scott,605130,2022,.228,.419,.308,.299,.191,86.4,10.9,8.3,36.9,84.3,45.6,
Bassitt, Chris,605135,2022,.225,.394,.293,.285,.169,85.8,12.6,6.8,25.7,78.8,53.1,
Bradley, Archie,605151,2022,.238,.424,.311,.307,.185,87.3,4.2,7.1,27.1,85.4,49.2,
Brebbia, John,605154,2022,.230,.387,.288,.282,.157,86.8,16.8,7.3,30.4,77.7,52,
Brooks, Aaron,605156,2022,.355,.785,.487,.400,.430,91.1,7.9,24.2,31.9,87.8,53.2,
Bundy, Dylan,605164,2022,.270,.454,.326,.308,.184,90,16.7,9.4,34.5,84,52.3,
Chafin, Andrew,605177,2022,.185,.309,.253,.256,.124,88.7,13.3,9.4,37,81.7,42.3,
Clevinger, Mike,605182,2022,.242,.398,.309,.311,.156,88,14.1,5.1,27.5,82.4,50.6,
Cotton, Jharel,605194,2022,.216,.369,.306,.321,.153,87,24.7,5.6,25.6,80.4,51.6,
Crick, Kyle,605195,2022,.228,.335,.329,.380,.107,86.2,14,2.9,26.6,81.9,44.8,
Davies, Zach,605200,2022,.250,.440,.320,.311,.189,86.2,13.7,7,26.8,83.9,43.8,
Edwards Jr., Carl,605218,2022,.198,.330,.273,.287,.132,86.1,7.2,5,30.3,81.9,49.8,
Fulmer, Michael,605242,2022,.188,.303,.262,.298,.115,89.4,20.9,1.2,21.6,77.9,46.4,
Holmes, Clay,605280,2022,.170,.205,.193,.222,.035,87.6,-10.7,1,36.4,78,48.5,
Houser, Adrian,605288,2022,.283,.458,.347,.349,.176,88.6,10.4,5.6,26.9,85.1,44.9,
Lopez, Jorge,605347,2022,.214,.362,.292,.299,.148,87.3,1.4,5.8,25.1,80.8,52.8,
Musgrove, Joe,605397,2022,.232,.373,.286,.285,.141,86.6,9.9,6.2,32.6,82.3,51,
Nola, Aaron,605400,2022,.227,.405,.284,.262,.178,87.8,12,8.4,32.5,80.9,53,
Rodriguez, Dereck,605446,2022,.238,.689,.425,.358,.451,87.4,9.3,14.3,18.5,85.7,54.2,
Romano, Jordan,605447,2022,.248,.400,.320,.337,.151,91.1,13.8,6.4,28.5,78.1,50.2,
Scott, Tayler,605463,2022,.250,.439,.325,.318,.188,88.4,20.9,16.7,20,71.9,51.5,
Snell, Blake,605483,2022,.221,.378,.306,.319,.157,89.8,16.2,7.8,31.3,77.8,43.6,
Springs, Jeffrey,605488,2022,.239,.431,.305,.285,.191,87.8,14.6,8.4,35.3,75.8,47.1,
Thompson, Zach,605507,2022,.286,.502,.367,.357,.216,88.5,11.8,7.9,28.4,85.8,46.4,
Warren, Art,605521,2022,.223,.428,.327,.329,.205,90.3,17.7,11.5,23.9,80,51.8,
Wendelken, J.B.,605525,2022,.309,.508,.388,.395,.198,87.9,13.4,7,24,81.2,48.8,
Wisler, Matt,605538,2022,.216,.453,.311,.286,.237,87.2,27.5,11.5,24.3,82.8,51,
Woodruff, Brandon,605540,2022,.220,.378,.288,.279,.157,87.7,18.7,7.9,31.7,75.1,49.7,
Castro, Harold,605612,2022,.370,.529,.410,.441,.160,96.6,20,0,36.4,100,45,
Perdomo, Luis,606131,2022,.279,.435,.322,.316,.156,86.3,-1.7,5.7,32.3,85.4,50,
Gallegos, Giovanny,606149,2022,.203,.417,.283,.257,.215,90.7,25.6,12.2,31.3,77.1,50.6,
Montero, Rafael,606160,2022,.213,.306,.260,.280,.093,88,6.4,2.4,32.6,77.5,46.9,
Elias, Roenis,606273,2022,.219,.345,.280,.290,.125,87.9,12.6,4.2,33.3,88.6,52.6,
Payamps, Joel,606303,2022,.245,.444,.326,.322,.198,88.7,6.7,8.5,30.1,83.9,48.2,
Garcia, Jarlin,606424,2022,.255,.471,.332,.316,.216,90,15.5,9.9,30.1,84.7,50.9,
Moronta, Reyes,606625,2022,.215,.453,.312,.282,.238,84.9,25.6,12.5,33.6,81.5,47.9,
Barnes, Jacob,606930,2022,.284,.495,.368,.365,.211,90.9,5.8,7.2,25.4,89.5,44.9,
Hager, Jake,606993,2022,.365,.489,.369,.365,.123,79.1,17.1,0,30.8,78.6,53.6,
Rodon, Carlos,607074,2022,.221,.339,.274,.285,.118,88.4,16.8,4.9,33.2,78.8,50.4,
Weems, Jordan,607179,2022,.240,.386,.327,.367,.146,90,7.2,7.4,25.4,81.1,46.7,
Fedde, Erick,607200,2022,.270,.442,.348,.352,.172,88.9,13.1,7.4,22.2,85.4,47.7,
Krehbiel, Joey,607216,2022,.230,.389,.294,.292,.159,85.2,9.8,5.8,27.9,82,45.9,
Gsellman, Robert,607229,2022,.343,.657,.429,.374,.314,90.2,10.9,13.5,30.1,83.3,50.2,
Garrett, Amir,607237,2022,.202,.304,.315,.370,.103,85.9,19.2,3.8,25.1,84.3,44.6,
Martinez, Nick,607259,2022,.263,.461,.345,.341,.199,87.8,10.8,10,32.6,83,47.3,
Patton, Spencer,607359,2022,.208,.347,.313,.341,.139,87.6,11.6,5.3,16.7,78.9,45.9,
Mazza, Chris,607391,2022,.385,.752,.526,.525,.367,89.7,14.1,13.6,25.6,88.1,42.2,
Banda, Anthony,607455,2022,.286,.470,.335,.333,.184,83.6,16,6.6,33.2,84.9,48.3,
Barraclough, Kyle,607457,2022,.262,.514,.354,.335,.252,91.1,21.7,16.7,28,70.8,46,
Bummer, Aaron,607481,2022,.299,.434,.363,.392,.135,90,0.3,8.3,23.5,78.5,48.9,
Freeland, Kyle,607536,2022,.283,.493,.358,.346,.210,89.6,13.4,8.4,26.2,87.7,47.5,
Howard, Sam,607572,2022,.298,.640,.516,.590,.343,84.9,12.5,16.7,15.6,93.8,44.8,
Lugo, Seth,607625,2022,.260,.423,.313,.309,.163,88.5,12.1,7.3,20,88.1,50,
Means, John,607644,2022,.300,.451,.333,.333,.152,88.5,17.2,4,31.3,80.8,50.4,
Vasquez, Andrew,607755,2022,.260,.451,.378,.403,.191,89.4,5.5,5,30.8,90.9,44.9,
Estevez, Carlos,608032,2022,.257,.454,.346,.351,.197,88.9,18.6,6.9,22.1,80.1,48.2,
De Jong, Chase,608328,2022,.243,.472,.334,.313,.230,89.5,21.1,8.8,24.9,87.3,47.4,
Fried, Max,608331,2022,.243,.363,.283,.287,.120,86.5,8.3,4.1,34.7,84.7,46.3,
Giolito, Lucas,608337,2022,.261,.479,.348,.330,.219,89.8,15.4,10.8,27.6,80.9,47.9,
Irvin, Cole,608344,2022,.288,.548,.367,.328,.260,89.9,14.8,10.5,29.7,82.1,52.2,
Knebel, Corey,608349,2022,.212,.361,.301,.331,.149,89.3,15.6,5.2,26.3,81.5,46.3,
Sims, Lucas,608371,2022,.245,.389,.356,.408,.144,87.9,7.4,5.3,22.7,80.6,41.9,
Wacha, Michael,608379,2022,.276,.476,.350,.337,.200,89.1,11.9,7.1,25.8,86.2,50,
Marquez, German,608566,2022,.282,.499,.361,.349,.217,90.3,8.5,8.5,28.2,87.9,51.3,
Duffey, Tyler,608648,2022,.317,.535,.380,.366,.218,90.2,9.1,8.5,29.8,82.5,44.6,
Graveman, Kendall,608665,2022,.250,.387,.300,.307,.137,88.2,6.6,5.3,30.2,84.2,45.8,
Leone, Dominic,608678,2022,.251,.392,.303,.318,.141,89.2,16.2,5.6,41.8,78.8,43,
Steckenrider, Drew,608716,2022,.388,.652,.457,.433,.264,88.8,16.5,11.3,31.1,80.6,48.3,
Stratton, Chris,608717,2022,.270,.439,.326,.325,.170,90,13.3,6.3,34.9,80.4,46.4,
Suter, Brent,608718,2022,.256,.353,.297,.320,.097,84.6,10.8,3.8,26.1,82.8,46,
Voth, Austin,608723,2022,.299,.492,.358,.346,.193,89,14.9,8.2,23.1,81.4,50.3,
Castro, Miguel,612434,2022,.262,.425,.348,.367,.163,88.2,12.4,11,27.8,73.1,45,
Ruiz, Jose,614179,2022,.234,.462,.343,.341,.228,89.2,11.7,10.5,25,78.6,44.3,
Quantrill, Cal,615698,2022,.285,.488,.354,.343,.203,88.1,14.7,7.1,32.7,86,47.5,
Sawamura, Hirokazu,617228,2022,.273,.444,.331,.335,.171,89.9,9.2,6.5,27.8,75.9,46.7,
Schrock, Max,621011,2022,.541,1.121,.684,.541,.581,97.1,18.5,20,27.3,92.9,57.7,
Cuas, Jose,621016,2022,.252,.383,.338,.376,.131,84.5,5.3,5.9,32.5,70.2,45.7,
Wilson, Steven,621051,2022,.202,.389,.285,.275,.187,89.5,24.3,8.8,30.2,75.2,46.3,
Rucker, Michael,621074,2022,.258,.439,.320,.311,.181,90.1,10.2,6.9,28.4,81.5,46.6,
Kaprielian, James,621076,2022,.271,.496,.367,.361,.225,89.5,15,9.5,24.3,83.8,49.5,
Lemoine, Jake,621082,2022,.250,.450,.330,.322,.200,91.1,14.7,7.4,17.8,84.5,45.3,
Eflin, Zach,621107,2022,.238,.414,.300,.288,.176,85.2,10.6,6.7,29.5,83.3,50,
Buehler, Walker,621111,2022,.270,.468,.337,.322,.198,87.9,7.2,6.6,32,85.1,46.7,
Blackburn, Paul,621112,2022,.272,.420,.319,.322,.148,88.2,8,5.4,26.8,83.8,47.2,
Burr, Ryan,621114,2022,.287,.583,.394,.360,.296,92,3.1,14.3,14.3,80,53,
Mills, Alec,621219,2022,.334,.698,.439,.378,.364,91.1,18,11.9,33.1,92.7,48,
Alvarado, Jose,621237,2022,.236,.381,.319,.365,.145,88.8,3.5,8.8,29.1,74.6,43.1,
Diaz, Edwin,621242,2022,.165,.232,.214,.242,.067,85.9,12.8,1.8,36.1,65.4,48,
Berrios, Jose,621244,2022,.305,.571,.391,.357,.267,90.6,15.1,11.5,31.7,89.8,51.1,
Garza Jr., Ralph,621248,2022,.311,.519,.389,.398,.208,87,10.1,7.7,29.7,84.4,50.8,
Underwood Jr., Duane,621249,2022,.233,.305,.274,.305,.072,84.7,6,1.6,31.4,81.4,46.1,
Wittgren, Nick,621295,2022,.271,.385,.322,.347,.114,89,14.2,1,26.5,85.7,48.2,
Minter, A.J.,621345,2022,.181,.321,.244,.234,.140,88.1,17.2,9.5,33,75.8,49.1,
Clay, Sam,621348,2022,.251,.432,.427,.500,.182,92.9,-6.1,7.7,17.5,83.3,46.7,
Poche, Colin,621363,2022,.215,.393,.300,.298,.178,86.8,22.5,6.8,34.7,76,48.7,
Borucki, Ryan,621366,2022,.276,.470,.355,.356,.193,88.7,5.6,8.2,32.7,85.4,47.7,
Hearn, Taylor,621368,2022,.295,.531,.389,.377,.236,91.7,15.3,12.7,25.5,85.6,49.5,
Strahm, Matt,621381,2022,.205,.372,.271,.258,.168,86.4,20,6.6,29.5,78.1,57.2,
Banks, Tanner,621383,2022,.275,.446,.342,.344,.171,87.9,9,7.7,28.7,87.1,52.8,
Blach, Ty,621389,2022,.294,.473,.342,.335,.179,87.4,14.1,7,29.5,85.4,52.8,
Phillips, Brett,621433,2022,.475,1.367,.741,.523,.892,91.5,24.4,35,31.6,100,35.6,
Castro, Anthony,621593,2022,.326,.634,.450,.442,.308,89.6,12.8,13.9,21.7,73.2,44.4,
Wood, Alex,622072,2022,.264,.423,.315,.314,.159,88.2,6.7,6,30.9,82.4,50.5,
Almonte, Yency,622075,2022,.232,.380,.301,.310,.148,83.1,10,5,34.8,85.6,44,
Smith, Drew,622098,2022,.229,.471,.327,.302,.242,90,19.6,14,24.8,75.1,48.4,
Sborz, Josh,622250,2022,.276,.509,.380,.392,.233,90.1,25,14.8,24.4,75.5,38.9,
Staumont, Josh,622251,2022,.250,.447,.349,.362,.197,88.2,21.4,6.1,27,78.5,46.1,
Tate, Dillon,622253,2022,.259,.410,.311,.317,.152,87.4,2.2,6.6,32.2,85.6,54,
Castillo, Luis,622491,2022,.244,.384,.304,.312,.139,88.8,9.4,5.2,27.7,80.2,50.9,
Crismatt, Nabil,622503,2022,.229,.336,.278,.297,.107,87.2,5.4,3.7,28.6,81.3,49.1,
Dominguez, Seranthony,622554,2022,.221,.344,.271,.275,.124,90.4,9.8,6.5,29.4,74.7,47.2,
Senzatela, Antonio,622608,2022,.341,.534,.388,.378,.193,90.3,7.8,5.3,24.8,90.5,49.7,
Severino, Luis,622663,2022,.212,.363,.278,.276,.151,89.2,11.8,6.5,27.5,79.3,50,
Hernandez, Elieser,622694,2022,.256,.560,.368,.322,.304,89.1,21.7,14.3,23.9,78.9,55.2,
Tinoco, Jesus,622786,2022,.217,.429,.300,.284,.213,93.3,11.1,7.7,38.6,77.8,40,
Sewald, Paul,623149,2022,.201,.346,.257,.265,.145,88.8,19.8,10.3,24.5,73.6,53.6,
Flexen, Chris,623167,2022,.281,.510,.365,.344,.229,90.3,18.8,10.4,27,86.6,44.5,
Hader, Josh,623352,2022,.161,.333,.249,.236,.172,88.3,19.8,11.3,30,65.3,45.4,
Stephens, Jackson,623451,2022,.237,.387,.292,.306,.150,87,7.2,7.1,28.7,81.9,50.2,
Phillips, Evan,623465,2022,.196,.330,.264,.263,.135,86.7,14,5,28.2,73.6,49.5,
Herget, Jimmy,623474,2022,.251,.436,.308,.288,.185,90.5,14.3,7.8,28,86.3,50.6,
Goudeau, Ashton,623485,2022,.274,.425,.347,.356,.151,91,18.3,5.9,22.8,82,46.1,
Suarez, Ranger,624133,2022,.269,.429,.334,.341,.160,86.9,5.3,6.9,25.6,85.7,48.3,
Castellani, Ryan,624418,2022,.314,.558,.365,.314,.244,92.5,5.1,10,21.1,95.2,57.8,
Thompson, Keegan,624522,2022,.231,.405,.311,.310,.174,87.9,12.6,7.6,27.6,81.5,48.5,
Lopez, Reynaldo,625643,2022,.236,.355,.282,.285,.119,89.4,11.9,4.8,32.9,75.4,47.7,
Iglesias, Raisel,628452,2022,.225,.461,.313,.277,.236,88.9,16.6,14.5,34.7,76.7,47.8,
Marte, Yunior,628708,2022,.305,.415,.357,.392,.110,85.5,8.5,3.2,32.3,82,47.9,
Urias, Julio,628711,2022,.223,.399,.291,.279,.175,87,18.3,8.1,31.8,79.5,52.3,
Crowe, Wil,640444,2022,.205,.294,.269,.300,.090,85.4,11.3,3,30.4,80.1,43,
Finnegan, Kyle,640448,2022,.243,.408,.308,.311,.165,91.9,7.3,8.8,27.5,75.6,54.4,
Manaea, Sean,640455,2022,.236,.408,.315,.309,.172,89.9,15.8,7.3,27.4,79.5,52.6,
Puk, A.J.,640462,2022,.251,.392,.310,.315,.141,86.2,8.2,6.4,28.8,83,50.1,
Lopez, Pablo,641154,2022,.255,.427,.321,.318,.172,88.3,11.2,9.4,33.5,79.4,45.6,
Alexander, Tyler,641302,2022,.298,.491,.353,.338,.193,86.1,14.6,6.9,27.6,83.7,52.1,
Baker, Bryan,641329,2022,.305,.448,.356,.374,.143,90.2,14.7,6.6,20.8,76.4,51,
Bickford, Phil,641360,2022,.241,.479,.321,.282,.238,89.1,14.4,9.9,25.7,77.8,54.2,
Brentz, Jake,641394,2022,.341,.518,.465,.542,.177,90.7,17.5,5.6,15.2,77.1,37.7,
Brogdon, Connor,641401,2022,.200,.364,.267,.254,.165,87.8,20.9,6.4,37.3,72.2,44.6,
Castano, Daniel,641447,2022,.285,.454,.342,.340,.169,86.3,10.8,6.7,31.9,84.7,52,
Cortes Jr., Nestor,641482,2022,.214,.378,.276,.263,.164,89.2,19.7,6.4,30.8,80.8,52.6,
Danish, Tyler,641501,2022,.296,.546,.383,.361,.250,88.3,11.1,10.8,28.5,87.9,47.3,
Dunning, Dane,641540,2022,.269,.442,.345,.349,.173,87.7,5.3,7.9,31.6,84.7,45,
Foster, Matt,641582,2022,.261,.445,.325,.314,.184,88.7,19.2,6,27.1,83.7,48.2,
Gott, Trevor,641627,2022,.220,.393,.285,.270,.173,86.9,14.8,9.5,34.6,79.7,44.4,
Hamilton, Ian,641656,2022,.356,.459,.383,.415,.103,90.5,17.5,0,29.2,91.7,42.9,
Hatch, Thomas,641672,2022,.394,.671,.474,.464,.277,93,9.2,10.5,38.7,96.6,56.3,
Hendrix, Ryan,641682,2022,.263,.302,.371,.468,.039,87.5,2.8,0,19,72.2,40.8,
Hudson, Dakota,641712,2022,.303,.472,.370,.385,.169,90.2,7.5,6.1,21.9,90.1,47.3,
Jefferies, Daulton,641726,2022,.263,.445,.319,.305,.182,89.1,11,8.2,27.9,83.7,48.9,
Jimenez, Joe,641729,2022,.213,.375,.268,.254,.161,88.4,21.1,7.5,33.1,76.9,54.2,
Kay, Anthony,641743,2022,.306,.390,.441,.499,.084,104.8,17.8,20,44,83.3,35.9,
Keller, Brad,641745,2022,.265,.425,.322,.323,.160,88.5,6.2,5.5,27.7,89.1,49.5,
Kinley, Tyler,641755,2022,.217,.325,.262,.272,.107,88.7,13.8,1.5,30,75.5,52.1,
Kuhl, Chad,641771,2022,.270,.461,.339,.333,.191,89.8,16.7,6.9,26.2,83.1,47.8,
Lauer, Eric,641778,2022,.259,.473,.338,.320,.214,88.9,17.6,10.2,29.3,78,51.3,
Littell, Zack,641793,2022,.231,.431,.302,.279,.199,87.1,13.7,8.7,34.5,77,48.7,
Mahle, Tyler,641816,2022,.219,.368,.296,.299,.149,88.3,18.9,6.3,28,78.3,46.2,
Mayza, Tim,641835,2022,.312,.463,.360,.373,.151,90.1,-2.1,7.1,26.2,87,45.1,
McKay, David,641853,2022,.276,.503,.402,.421,.227,87.4,10.1,6.7,23.4,96,47.2,
Middleton, Keynan,641871,2022,.283,.606,.390,.330,.323,88.8,18.6,14.3,29.7,74.4,48,
Murphy, Patrick,641907,2022,.260,.329,.378,.445,.070,87.4,4.8,9.1,20.3,85.2,54.9,
Ober, Bailey,641927,2022,.286,.525,.359,.322,.239,89.2,19.7,10.4,34.6,80.6,48.9,
Pagan, Emilio,641941,2022,.232,.445,.332,.326,.213,90.6,8.7,12.2,27.1,75.3,47.9,
Rogers, Josh,642028,2022,.264,.506,.357,.336,.242,88.6,21.7,8.9,27.3,87.2,48.4,
Saucedo, Tayler,642048,2022,.446,1.134,.650,.483,.689,95.7,8.5,28.6,25,94.1,50,
Sedlock, Cody,642060,2022,.323,.564,.392,.366,.241,90.2,7.7,8.3,38.6,90.5,38,
Speier, Gabe,642100,2022,.215,.358,.269,.265,.143,88,14.9,3.4,23.7,87.8,49,
Sulser, Cole,642121,2022,.271,.456,.347,.349,.185,89.8,11.8,6.8,34.9,82.4,47.7,
Taylor, Blake,642130,2022,.267,.386,.333,.366,.119,86.1,8.2,5.5,27.8,85.4,41,
Trivino, Lou,642152,2022,.260,.420,.327,.344,.160,88.5,7.5,8.1,29.2,83.3,46.8,
VanMeter, Josh,642165,2022,.535,1.157,.698,.570,.621,88.1,16.8,24,27.5,96.2,45.9,
Widener, Taylor,642203,2022,.364,.757,.490,.437,.393,91.8,25.4,15,24.4,86.1,54.4,
Williams, Devin,642207,2022,.168,.213,.243,.293,.045,83.9,11.7,0,32.6,70.9,43.3,
Yacabonis, Jimmy,642231,2022,.281,.602,.401,.361,.320,91.8,14.9,20,26.9,82.5,49.5,
Yarbrough, Ryan,642232,2022,.278,.515,.370,.357,.237,86.3,18.6,9.1,25.3,81.5,51.7,
Soto, Gregory,642397,2022,.230,.411,.334,.348,.182,92.1,10.9,7.7,27,77.5,48.1,
Loaisiga, Jonathan,642528,2022,.268,.429,.350,.370,.161,83.4,10.3,4.4,39.8,77.1,36.9,
Barria, Jaime,642545,2022,.285,.558,.374,.334,.274,88.8,18.9,13.1,27.3,80.1,52.1,
Peralta, Freddy,642547,2022,.225,.350,.287,.299,.125,87.5,9.5,3,29.1,75.6,44.7,
Bautista, Felix,642585,2022,.235,.401,.312,.309,.166,89.1,13.5,11,26.5,74.5,49.9,
Santana, Dennis,642701,2022,.243,.380,.294,.298,.137,86.1,10.1,5,32.5,89.4,42.4,
Acevedo, Domingo,642758,2022,.250,.438,.319,.309,.188,87.4,17.2,9.4,30.2,74.9,54.2,
Guerra, Javy,642770,2022,.338,.564,.421,.426,.226,92.7,17,11.4,15.1,92.2,50.8,
Cimber, Adam,643256,2022,.241,.387,.282,.275,.146,87.8,14.9,4.4,30.8,82.6,54.9,
Fry, Paul,643316,2022,.279,.406,.362,.408,.127,94.6,-1.6,2.9,23.5,75.7,48.7,
Green, Chad,643338,2022,.233,.387,.301,.296,.154,88.7,25,5,32.7,76,55.6,
Jax, Griffin,643377,2022,.224,.384,.291,.289,.160,89.1,8.8,5.7,32.8,79.7,48.6,
Knight, Dusten,643400,2022,.230,.487,.323,.298,.258,87.9,16.1,11.1,27,87.2,53.7,
Leiter Jr., Mark,643410,2022,.268,.468,.347,.344,.200,89.1,11.1,8.2,28,82.4,47.4,
Pruitt, Austin,643493,2022,.284,.570,.367,.312,.285,88.5,15.3,12.5,33.9,81.8,45.5,
Rogers, Tyler,643511,2022,.241,.335,.282,.302,.093,83.7,0,2.3,26.1,85.6,55.2,
Schwindel, Frank,643524,2022,.401,.982,.570,.434,.581,91.5,31.2,23.5,48.1,92.3,35.7,
Arano, Victor,644364,2022,.224,.328,.259,.265,.105,84.4,3,3.1,40.5,81.4,44.4,
Severino, Anderson,644429,2022,.251,.368,.340,.383,.117,89.7,-3.9,5.3,23.6,78.4,45.9,
Alcantara, Sandy,645261,2022,.215,.339,.268,.272,.124,87,5.1,4.6,33.2,80.5,51,
Diaz, Jhonathan,646242,2022,.272,.433,.359,.381,.161,91.3,10,4.4,25,89.4,40.7,
Pop, Zach,647315,2022,.261,.427,.308,.291,.166,87.2,2,7.9,44.8,90.7,43.2,
Wells, Alexander,649144,2022,.197,.388,.243,.197,.191,93.2,21.4,10,48.1,76,59.1,
Mejia, J.C.,650496,2022,.436,.562,.510,.612,.127,90.2,-0.5,0,20,73.3,40.7,
Abreu, Bryan,650556,2022,.213,.317,.299,.321,.104,87,10.1,5.7,30.7,75.7,43.1,
King, Michael,650633,2022,.212,.330,.274,.282,.118,86.9,8.2,6.7,30.7,72,48.2,
Civale, Aaron,650644,2022,.282,.490,.351,.341,.207,90.1,14.2,9.8,29.7,85.2,47.5,
Quijada, Jose,650671,2022,.172,.267,.252,.307,.096,91,17.4,5.9,34.8,66.3,50.4,
Cabrera, Genesis,650893,2022,.235,.425,.324,.330,.190,85.2,10.3,6.7,28.8,78.6,46.9,
Castillo, Diego,650895,2022,.234,.369,.298,.317,.134,88.3,10.6,8,29.8,85.1,50.9,
Sanchez, Cristopher,650911,2022,.255,.441,.338,.347,.187,86.6,4.3,9,26.8,89.5,47.7,
Diplan, Marcos,650959,2022,.231,.351,.329,.373,.120,88.2,12,0,29.6,87.5,41.8,
Duarte, Daniel,650960,2022,.243,.507,.415,.424,.264,88.9,36.7,11.1,16.2,93.1,51.9,
Abreu, Albert,656061,2022,.225,.380,.349,.391,.155,86.9,0.3,5.4,27.4,81.4,40.9,
Beeks, Jalen,656222,2022,.212,.413,.298,.281,.200,87.1,9.9,11.1,32.1,73.7,46.1,
Bielak, Brandon,656232,2022,.182,.253,.240,.266,.072,89.3,9.6,5,18.2,92.5,53,
Bird, Jake,656234,2022,.254,.470,.349,.340,.216,88.7,1.5,9.7,14.5,90.6,54.6,
Burke, Brock,656271,2022,.247,.417,.306,.296,.170,89.7,15.7,7,25.6,79.7,50.1,
Carlton, Drew,656290,2022,.309,.587,.359,.298,.278,90.8,9.4,15,29.2,82.9,51.5,
Cease, Dylan,656302,2022,.196,.334,.275,.290,.138,88.3,12.9,7.1,31.4,73.3,44.5,
Davidson, Tucker,656353,2022,.258,.365,.344,.396,.107,88,7,2,23.4,87.4,48.2,
Davis, Austin,656354,2022,.234,.381,.319,.333,.147,87.2,19.9,7.3,23.8,77.3,48.3,
Faedo, Alex,656412,2022,.291,.509,.374,.367,.219,91.1,19.1,9.8,24.2,84.2,50.1,
Feyereisen, J.P.,656420,2022,.198,.389,.271,.245,.191,89.4,24.9,7.1,31.4,75.4,46.2,
Flaherty, Jack,656427,2022,.231,.414,.371,.414,.183,86.6,15.6,7.7,16.1,80,48.3,
Gilbert, Tyler,656457,2022,.326,.684,.438,.382,.358,89.5,18.9,13.6,25.7,82.1,54.6,
Gilbreath, Lucas,656458,2022,.253,.355,.330,.371,.102,88.2,13.9,3,24.4,77.4,46,
Griffin, Foster,656492,2022,.423,.805,.569,.573,.382,95,10.5,17.6,18.4,75,54.8,
Hentges, Sam,656529,2022,.258,.435,.327,.331,.177,89.1,-0.3,8.8,29,77.4,48.7,
Hoffman, Jeff,656546,2022,.224,.389,.313,.322,.165,89.5,21.7,8.1,23.6,79.8,46.6,
Houck, Tanner,656557,2022,.248,.373,.311,.331,.125,89.9,6.4,4.4,28.9,80.3,46.4,
Keller, Mitch,656605,2022,.273,.456,.346,.347,.183,88.6,7.6,8.2,25.5,85,49.6,
Kopech, Michael,656629,2022,.222,.438,.327,.319,.216,90.2,20.8,9.7,25,81.8,47.6,
Lange, Alex,656638,2022,.201,.325,.283,.305,.125,85.8,5.6,5.1,33.8,77.3,38.7,
Logue, Zach,656657,2022,.278,.613,.398,.345,.335,90.5,23.6,13.4,23.7,85.3,47.7,
Martin, Brett,656685,2022,.238,.363,.294,.305,.125,88.5,6.3,5,38.4,88,44,
Martin, Corbin,656686,2022,.282,.428,.336,.346,.146,91.3,11.3,4.7,27.3,80.2,44.2,
Megill, Trevor,656730,2022,.211,.413,.295,.273,.202,94,10.7,10.5,34.8,84.3,51.9,
Megill, Tylor,656731,2022,.263,.471,.332,.313,.208,89.3,11.9,9.6,25.7,77,51.9,
Montgomery, Jordan,656756,2022,.281,.442,.333,.329,.161,88.1,10.3,6.6,33.7,79.5,48.3,
Mushinski, Parker,656786,2022,.270,.371,.319,.351,.101,85.3,7,6.3,35.2,63.6,49.5,
Nelson, Nick,656793,2022,.239,.379,.322,.336,.139,89.5,15.9,5,21.8,76.7,48.6,
Newcomb, Sean,656794,2022,.321,.570,.412,.403,.249,88.5,14.9,11.1,16,87.3,53.5,
Norwood, James,656803,2022,.268,.435,.339,.345,.168,91.5,18.9,3.7,33.2,82.4,45.4,
Overton, Connor,656818,2022,.273,.407,.321,.331,.134,91,14.7,4.2,17.8,84.5,55.4,
Peterson, David,656849,2022,.232,.391,.318,.330,.158,87.9,5.8,6.8,28,84,43.5,
Rasmussen, Drew,656876,2022,.276,.461,.343,.333,.185,90.1,8.8,8.1,31.9,84.7,49.5,
Reid-Foley, Sean,656887,2022,.171,.308,.290,.321,.137,85,20.3,3.6,27.9,71,46.9,
Scott, Tanner,656945,2022,.217,.350,.310,.340,.134,86.9,8.3,7.6,30.4,74.9,44.8,
Sheffield, Justus,656954,2022,.276,.337,.302,.339,.061,95.8,4,0,19,90.9,47.5,
Smeltzer, Devin,656970,2022,.270,.517,.352,.318,.247,89,16.9,8,32.2,83.7,49.4,
Sousa, Bennett,656986,2022,.269,.451,.339,.349,.182,88.7,6.2,6.8,25.7,76.1,48.8,
Steele, Justin,657006,2022,.249,.351,.302,.331,.102,87.1,7.1,2.7,24.3,83.9,51.7,
Swanson, Erik,657024,2022,.229,.367,.271,.273,.138,87.5,19.9,11.8,37.4,70.7,48.1,
Thompson, Ryan,657044,2022,.231,.354,.283,.297,.123,86.3,7.4,4.3,28.9,81.8,48,
Watkins, Spenser,657093,2022,.289,.520,.375,.361,.231,90.9,13.3,8.8,25.3,86.7,53.3,
Wright, Kyle,657140,2022,.246,.403,.313,.317,.157,88.9,5.8,6.5,27.2,80.1,53.2,
Merryweather, Julian,657240,2022,.293,.548,.369,.336,.255,92.2,9.2,11.5,32,90.8,56.3,
Otto Jr., Glenn,657248,2022,.264,.505,.386,.388,.241,89.8,14.3,9.5,24.6,83.2,45.2,
Strzelecki, Peter,657265,2022,.267,.364,.295,.318,.096,91.4,20.8,0,28.9,79.6,51.6,
Webb, Logan,657277,2022,.258,.402,.306,.306,.144,87.9,4,6.1,32.5,84.2,48.1,
Schmidt, Clarke,657376,2022,.223,.382,.299,.325,.159,89,12,9.4,25.4,78.2,47,
Gage, Matt,657424,2022,.205,.346,.285,.315,.141,87.3,14.5,6.5,32,78.7,44.9,
Baumann, Mike,657508,2022,.303,.512,.393,.395,.209,89.4,14.1,8.1,25.4,84.1,47.2,
Ferguson, Caleb,657571,2022,.144,.206,.258,.315,.061,85.8,8.9,0,25.5,66,53.6,
Garrett, Reed,657585,2022,.300,.509,.405,.440,.209,92.1,11,6.9,31.6,89.6,41.7,
Hill, Tim,657612,2022,.235,.305,.254,.273,.069,89.1,0.9,1.2,24.5,91.7,55.3,
Koenig, Jared,657649,2022,.310,.556,.417,.419,.247,90.6,12.5,7.6,25,90.8,44.2,
Ryan, Joe,657746,2022,.229,.420,.308,.297,.191,87.8,23.5,7.6,26,79.7,53.8,
Seabold, Connor,657756,2022,.317,.571,.403,.383,.254,89.3,18.9,11.6,26.3,79.5,48.9,
Stout, Eric,657770,2022,.152,.294,.260,.274,.141,91,29.9,10,27.5,80.8,51.2,
Medina, Adonis,658431,2022,.283,.448,.345,.349,.165,92.4,10,6.3,26.3,83.6,53,
Fernandez, Junior,658551,2022,.179,.229,.221,.252,.050,84.3,-1.7,0,23.9,67.9,48,
Avila, Pedro,658648,2022,.283,.601,.405,.363,.318,90.5,4.2,18.2,14.8,73.3,61.4,
Espinoza, Anderson,659262,2022,.159,.384,.355,.395,.225,90.2,12.5,13.3,14,82.5,37.6,
Lamet, Dinelson,659275,2022,.286,.581,.410,.406,.295,92.6,17.7,12.9,20.2,66.2,50.5,
Ohtani, Shohei,660271,2022,.217,.353,.270,.268,.136,87.6,15.4,6.8,28.5,75.9,52,
Reyes, Denyi,660593,2022,.235,.315,.250,.260,.080,89.3,12.6,0,38.6,87,51.3,
Paredes, Enoli,660600,2022,.209,.257,.307,.379,.048,87.1,9.6,0,18.2,87,61.4,
Ynoa, Huascar,660623,2022,.343,.746,.490,.450,.403,93.1,1.2,21.7,11.1,81.8,44.9,
Castillo, Diego,660636,2022,.386,.597,.491,.550,.211,95.3,-1.6,10,22,77.8,16.7,
Rodriguez, Elvin,660730,2022,.280,.592,.396,.356,.312,93.6,18.7,12.9,22,88.7,50,
Suarez, Jose,660761,2022,.259,.468,.346,.340,.209,89.5,14.1,9.6,28,79.4,51,
De Los Santos, Yerry,660787,2022,.208,.461,.310,.272,.253,87.4,8.1,15.4,37.1,88.3,40.4,
Graterol, Brusdar,660813,2022,.222,.343,.274,.285,.121,85.3,1.7,5.4,30.2,81.7,56.8,
De Los Santos, Enyel,660853,2022,.256,.484,.347,.338,.228,90.5,11.5,10.9,31.1,76.9,50.6,
Alcala, Jorge,660896,2022,.260,.289,.329,.408,.030,80,15,0,10.5,73.3,52.5,
Perez, Francisco,660906,2022,.318,.599,.439,.446,.281,93,15.1,9.4,24.5,89.2,46.3,
Lopez, Yoan,661255,2022,.193,.315,.266,.279,.122,93.2,21.6,5.3,23.4,87.9,50.5,
Gutierrez, Vladimir,661269,2022,.277,.510,.385,.395,.234,89.3,18.6,9.2,21,85.1,48.5,
Martinez, Adrian,661309,2022,.337,.604,.413,.389,.268,89.5,19.4,12.1,28.9,83.5,47.9,
Ortega, Oliver,661383,2022,.281,.464,.363,.376,.184,90.3,9.5,7.4,32.3,88.4,46.7,
Duran, Jhoan,661395,2022,.205,.329,.256,.264,.123,88.6,2.2,5.4,38.3,74.8,53.3,
Clase, Emmanuel,661403,2022,.208,.290,.230,.243,.081,85.4,0.9,1.1,46.2,81.5,54.3,
Llovera, Mauricio,661440,2022,.209,.413,.302,.298,.204,85.5,12.2,10.5,31.9,82.1,47.5,
Martinez, Seth,661527,2022,.173,.269,.235,.262,.096,87.7,19.5,3.6,30.5,80.2,47.6,
Gil, Luis,661563,2022,.253,.316,.292,.332,.063,87.5,15,0,41.7,69.2,42.2,
Munoz, Andres,662253,2022,.196,.323,.247,.262,.127,87.1,11.1,7.4,40.6,67.2,45.9,
Suarez, Robert,663158,2022,.210,.396,.324,.336,.185,88,16.3,10,24.9,79.2,49.6,
Feltner, Ryan,663372,2022,.288,.528,.365,.339,.240,90,11.2,8.7,28.3,82.8,49.7,
Szapucki, Thomas,663378,2022,.495,1.567,.799,.611,1.072,102,23.8,50,15.6,100,34.7,
Smith, Chad,663385,2022,.235,.326,.350,.417,.091,89,9.2,0,21.4,87.5,41.7,
Thornton, Trent,663423,2022,.284,.507,.367,.357,.224,90.1,19.6,7.2,20.9,87.4,53.5,
Rainey, Tanner,663432,2022,.236,.458,.328,.313,.222,89.4,22.5,10.1,30.1,71.3,50.9,
Martin, Davis,663436,2022,.289,.471,.364,.357,.183,89.6,12.8,6.2,30.1,81.7,49.9,
Pilkington, Konnor,663455,2022,.269,.463,.362,.366,.194,88.1,12.1,12.8,25.9,78.1,46.1,
Bubic, Kris,663460,2022,.304,.538,.398,.399,.233,90.4,10.3,9,18.7,82.2,48.7,
Allard, Kolby,663465,2022,.314,.617,.401,.354,.303,92.6,18.3,13.7,23.5,76.8,54.9,
McKenzie, Triston,663474,2022,.251,.507,.348,.317,.256,91.2,20.3,11.6,27.6,83.5,50.7,
Sands, Cole,663485,2022,.254,.503,.357,.337,.249,90.7,11.8,11.1,27.5,86.3,47.3,
Allen, Logan,663531,2022,.293,.509,.391,.399,.216,89.8,14.5,11.1,25.6,81.4,45.1,
Hjelle, Sean,663546,2022,.302,.406,.328,.346,.103,89.3,2.1,4.8,21.3,90.2,54.8,
Mize, Casey,663554,2022,.301,.613,.393,.332,.312,92,17.4,10.3,18.8,95,49.7,
McClanahan, Shane,663556,2022,.198,.350,.252,.239,.153,87.3,7.6,7.8,33,72,51.1,
Moran, Jovani,663558,2022,.166,.279,.270,.303,.113,86.1,10.6,6.9,26.8,67.6,43.3,
Falter, Bailey,663559,2022,.290,.549,.374,.346,.260,89.2,17.9,8.9,26.9,87.1,53.6,
Santillan, Tony,663574,2022,.266,.389,.340,.385,.123,89.7,17.9,3.4,20,81.2,49.8,
Small, Ethan,663629,2022,.281,.358,.385,.473,.077,91.1,0.2,14.3,6.1,63,52.2,
Lynch, Daniel,663738,2022,.274,.457,.345,.351,.183,90.9,16.4,8.2,30.4,82.3,48.6,
Knehr, Reiss,663753,2022,.192,.248,.212,.226,.057,83.9,9.6,0,33.3,90.3,48.5,
Woodford, Jake,663765,2022,.308,.508,.377,.374,.200,89.4,12.1,10.9,28.3,86,45.8,
Sandoval, Patrick,663776,2022,.266,.426,.337,.347,.160,87.5,12.9,7.4,29.8,78.8,48,
Kowar, Jackson,663804,2022,.324,.509,.397,.412,.185,88.7,8.9,6.7,30.4,88.6,48.1,
Hicks, Jordan,663855,2022,.231,.413,.346,.369,.182,87.5,2.4,9.3,22.4,85.1,45.9,
Singer, Brady,663903,2022,.256,.468,.328,.304,.212,90.4,9.6,10.6,26,85.7,53.8,
Holton, Tyler,663947,2022,.209,.300,.215,.209,.092,81.5,23.1,0,43.8,71.4,38.5,
Paddack, Chris,663978,2022,.255,.389,.296,.284,.133,88.7,10.1,5.7,30.7,75.5,55.6,
Stephan, Trevor,663986,2022,.201,.319,.249,.259,.118,87.1,11.9,4.3,32.6,74.6,47.9,
Vespi, Nick,663989,2022,.315,.549,.389,.385,.234,89.2,10.8,8.1,35.3,85.7,44.4,
Lakins Sr., Travis,664042,2022,.342,.664,.458,.434,.322,92.1,17.6,20,27.5,85.7,47.6,
Stashak, Cody,664054,2022,.250,.420,.279,.248,.170,87.9,23.7,4,32.1,78.9,52,
Gonsolin, Tony,664062,2022,.217,.374,.283,.278,.157,88.6,15.1,6.2,30.7,80.6,49.6,
Cleavinger, Garrett,664076,2022,.245,.467,.356,.361,.222,82.7,18.6,14.3,27,100,41.3,
Poppen, Sean,664092,2022,.230,.362,.290,.313,.131,89.1,16.1,5.3,22.2,89.1,54.6,
Effross, Scott,664123,2022,.212,.324,.248,.260,.112,87.4,9.6,4.1,35,81.6,48.2,
Gibaut, Ian,664139,2022,.310,.430,.397,.455,.119,83.6,11.6,0,28.9,82.4,53.7,
Brubaker, JT,664141,2022,.245,.421,.327,.329,.176,88.8,12.5,6.8,29.9,85.4,47.7,
Swarmer, Matt,664161,2022,.260,.557,.378,.345,.297,91.2,17.7,13.7,29.8,83.3,40,
Clarke, Taylor,664199,2022,.250,.409,.292,.276,.159,88.7,19.7,5.8,33.1,81.9,48.7,
Maton III, Phil,664208,2022,.282,.479,.365,.370,.197,87,15.1,7.8,29.4,81.4,47.5,
Valdez, Framber,664285,2022,.241,.350,.299,.321,.109,89,-3.7,5,27.8,87,53.5,
Moreta, Dauri,664294,2022,.246,.506,.358,.331,.261,90.6,24.7,17.4,23.1,75.7,50.2,
Javier, Cristian,664299,2022,.175,.330,.262,.263,.155,88.7,26.1,8.5,25.5,74.2,48,
Yajure, Miguel,664337,2022,.358,.634,.461,.460,.276,91.3,16.5,8.9,29.4,92.3,42,
Urquidy, Jose,664353,2022,.286,.536,.365,.329,.249,90.8,18,10,29.1,83.3,53.4,
Romero, Jhon,664584,2022,.267,.333,.276,.298,.066,87.9,1.9,0,33.3,75,50,
Diaz, Alexis,664747,2022,.175,.346,.293,.302,.171,88.5,21.5,8.6,28.6,73.7,45.4,
Cousins, Jake,664776,2022,.212,.385,.310,.336,.173,82.7,9.8,10.5,26.4,63.4,45.8,
Young, Danny,664849,2022,.262,.473,.348,.335,.212,85,2.1,7.7,33.3,68,56,
Helsley, Ryan,664854,2022,.154,.271,.224,.230,.117,90,20.4,5.9,33.7,73.3,48.3,
Lawrence, Justin,664875,2022,.238,.366,.339,.382,.128,87,5.6,5,19.9,81.9,47,
Naile, James,664942,2022,.211,.362,.238,.211,.151,86,15.9,0,43.3,90.9,49.2,
Vieaux, Cam,664944,2022,.262,.617,.416,.381,.355,91.7,17.9,16.7,16.4,70.6,51.1,
Misiewicz, Anthony,664948,2022,.276,.510,.366,.353,.234,90.8,17.6,9.3,28.6,87.5,43.2,
Kelley, Trevor,665001,2022,.227,.495,.339,.308,.268,84.3,20.9,13.8,26.5,88.7,46.5,
Clemens, Kody,665019,2022,.391,.726,.486,.452,.335,91.1,10.6,11.1,39.1,100,23.3,
Kremer, Dean,665152,2022,.276,.506,.358,.340,.230,88.5,18.3,9.9,30.4,81.5,47.4,
Garcia, Rony,665621,2022,.299,.635,.408,.350,.336,92,19,17.7,23.5,85.6,48.3,
Peguero, Elvis,665625,2022,.358,.537,.399,.399,.179,89.4,5,4.9,27.7,88.9,51.5,
Castro, Kervin,665645,2022,.176,.228,.268,.326,.052,96.9,14.1,0,18.5,75,42.6,
Sanmartin, Reiver,665665,2022,.273,.446,.339,.342,.173,86.8,3.9,6.1,27.8,87.4,46.8,
Cabrera, Edward,665795,2022,.222,.378,.330,.357,.156,85.3,6.6,7.1,31.2,72.6,39.5,
Marte, Jose,665896,2022,.195,.270,.287,.342,.075,98,22,0,23.8,58.3,47.5,
Anderson, Ian,666120,2022,.266,.406,.333,.350,.140,88.9,8.6,5.3,28.2,81.9,43.2,
Garrett, Braxton,666129,2022,.281,.458,.337,.328,.178,88.5,9.6,6.3,36,88.4,51.2,
Lodolo, Nick,666157,2022,.251,.395,.321,.337,.143,87.7,9.7,7.4,28.6,77.7,50,
Manning, Matt,666159,2022,.295,.526,.344,.295,.231,86.9,9.2,12,35.6,85,57.5,
Thompson, Mason,666168,2022,.120,.164,.187,.218,.045,84.2,16,0,34.1,86.7,50,
Luzardo, Jesus,666200,2022,.208,.418,.318,.316,.210,90.3,13,11.3,27.8,75.7,46.5,
Manoah, Alek,666201,2022,.228,.355,.282,.286,.127,86.7,17.3,4.7,31.1,80.9,51.1,
Jimenez, Dany,666204,2022,.227,.372,.297,.312,.146,88.5,12.9,5.6,25.2,81.6,43.2,
Muller, Kyle,666205,2022,.300,.336,.414,.533,.037,85.3,12,0,14,73.7,41.9,
Wentz, Joey,666214,2022,.320,.448,.406,.389,.128,94,6,9.1,20,84.8,49.2,
Brash, Matt,666374,2022,.324,.518,.418,.449,.194,91.4,4.7,8.5,25.1,79.8,49.3,
Castillo, Max,666721,2022,.250,.558,.352,.288,.307,91.6,9.7,18.4,30,86.6,43.1,
Doval, Camilo,666808,2022,.216,.370,.301,.308,.154,86.7,6.8,7.5,31.6,79.8,47.5,
Frias, Luis,666818,2022,.253,.450,.385,.424,.196,91.5,14.3,8.3,27.7,90,41.5,
Cano, Yennier,666974,2022,.273,.425,.358,.392,.153,90.1,7.8,5.4,29.9,90,46.2,
Nance, Tommy,667297,2022,.247,.357,.319,.358,.110,88.3,4.3,1.8,22.9,83.8,49.4,
Rondon, Angel,667373,2022,.217,.357,.309,.334,.140,89.4,26.4,0,22.2,88.9,47.7,
Sanchez, Miguel,667376,2022,.272,.491,.355,.368,.219,85.4,5.9,9.8,27.5,80.6,43.1,
Jackson, Zach,667427,2022,.198,.384,.320,.347,.186,91.5,18.7,11.6,20.7,76.8,43.4,
King, John,667463,2022,.280,.453,.338,.350,.173,91.2,3.3,7.4,28.8,83.7,47.9,
Fletcher, Aaron,667465,2022,.269,.502,.386,.371,.232,90.8,12.5,10.3,28.4,86.5,45.1,
Dugger, Robert,667498,2022,.261,.418,.310,.303,.157,90.6,18.8,9.4,37.4,84.4,45.5,
Tyler, Kyle,667725,2022,.265,.363,.297,.318,.098,86,-1.9,9.1,30,83.3,50,
Miller, Tyson,668338,2022,.262,.304,.362,.456,.042,78.4,4.1,0,23.9,88.2,37.8,
Nogosek, Stephen,668665,2022,.264,.445,.337,.335,.181,91.4,14.5,7.7,23.2,82.5,53.4,
Plesac, Zach,668676,2022,.302,.546,.379,.353,.244,90.2,12.3,10.7,31.6,83.9,49.3,
Gallen, Zac,668678,2022,.232,.410,.317,.311,.178,87.6,11.4,9.6,31.6,87.5,45.4,
Tully, Tanner,668684,2022,.311,.536,.409,.444,.225,89.9,21.5,10,27.5,86.1,49,
Kranick, Max,668820,2022,.145,.191,.231,.280,.046,80.3,20.8,0,23.4,81,38.2,
Thompson, Zack,668868,2022,.257,.407,.313,.315,.150,87.1,4.7,6.9,25.3,89,55.2,
Kilian, Caleb,668873,2022,.232,.327,.335,.410,.095,91.1,7.2,2.9,18,86.3,45.5,
Greene, Hunter,668881,2022,.235,.463,.336,.321,.228,89.9,21.7,10.4,26.3,76.4,47.6,
Ashcraft, Graham,668933,2022,.277,.421,.319,.319,.144,85.9,1.9,5.1,30,88.9,52.2,
McCarty, Kirk,668948,2022,.339,.704,.460,.407,.366,89,15,11.4,33.3,80.3,46.3,
Gore, MacKenzie,669022,2022,.270,.474,.359,.360,.204,90.6,13.8,9.4,24.5,82.6,50.1,
Wilson, Bryse,669060,2022,.314,.522,.383,.373,.209,91.1,11.8,7.4,26.7,87.2,51.5,
Zimmermann, Bruce,669145,2022,.322,.625,.409,.353,.303,91.1,14.6,13.2,32.3,84.6,54,
Heasley, Jonathan,669169,2022,.282,.518,.380,.371,.236,91.1,15.1,9,23.6,85.1,48.8,
Burnes, Corbin,669203,2022,.211,.351,.273,.274,.140,87.9,12.6,5.7,34.7,77.4,42.7,
Akin, Keegan,669211,2022,.258,.468,.331,.308,.209,87.1,8.6,8.6,27.6,76.2,58.7,
Morgan, Eli,669212,2022,.198,.387,.275,.250,.189,88.3,21.4,9.1,32.1,74.8,53.4,
Kuhnel, Joel,669270,2022,.233,.431,.309,.290,.198,88.3,11.2,8.2,29.9,78.3,50.4,
Lee, Dylan,669276,2022,.244,.436,.295,.263,.193,89.2,13.9,6.9,38.2,72.5,51.8,
Gilbert, Logan,669302,2022,.274,.460,.336,.327,.186,90.9,14.3,6.6,24.8,81,52.8,
Wells, Tyler,669330,2022,.235,.422,.305,.287,.187,87.6,20,6.5,30.2,82.3,52.1,
Baz, Shane,669358,2022,.260,.460,.336,.323,.200,91.1,12,7.8,25.2,79,53.6,
Skubal, Tarik,669373,2022,.248,.414,.306,.299,.166,89.4,10.6,6.1,30.6,80.4,53.1,
Coleman, Dylan,669395,2022,.237,.430,.347,.370,.193,88.7,13.3,8.3,25.3,76.6,47.6,
Lambert, Jimmy,669424,2022,.213,.383,.303,.309,.169,85.5,12.9,3.5,27.8,81.7,45.5,
Rogers, Trevor,669432,2022,.271,.450,.351,.358,.179,87.4,10.9,7.1,28.1,76.7,47.9,
Bieber, Shane,669456,2022,.269,.455,.329,.316,.186,90.5,12.6,8.1,29.2,82.9,49.5,
Nelson, Kyle,669459,2022,.258,.407,.316,.319,.149,87.7,12.1,6.2,35.2,84.4,47.9,
Liberatore, Matthew,669461,2022,.277,.525,.377,.364,.248,92.1,21.1,10,23.7,81.8,43.8,
Pallante, Andre,669467,2022,.282,.410,.330,.345,.129,89.9,-2.5,3.8,21.8,86.9,51.4,
Barlow, Joe,669618,2022,.266,.559,.370,.328,.293,91.1,16.4,11.8,31.6,80.6,50.8,
Bender, Anthony,669622,2022,.265,.491,.357,.342,.226,86.8,0.3,11.9,29.5,79.3,51.2,
Long, Sam,669674,2022,.263,.410,.306,.306,.147,88.2,15.2,2.9,28.2,79.8,54.4,
Blanco, Ronel,669854,2022,.308,.607,.430,.416,.299,89.1,15.8,15,29.7,78.4,46.7,
Snead, Kirby,669912,2022,.271,.422,.344,.374,.151,86.2,16.1,6.3,24.9,87.4,47.4,
Alexander, Jason,669920,2022,.313,.484,.383,.387,.172,88.7,2.5,6.1,25.6,90.5,46.5,
Kirby, George,669923,2022,.269,.489,.331,.297,.220,90,11.6,10.4,28.3,79.9,54.2,
White, Mitch,669952,2022,.244,.401,.321,.325,.157,88.4,15.7,7.2,24.9,84.1,46.1,
Festa, Matthew,670036,2022,.192,.410,.294,.273,.218,86.3,19.5,12.2,31.4,75.4,50,
Rosenberg, Kenny,670046,2022,.260,.392,.322,.349,.132,86.4,22.1,3,25,86.2,44,
Holderman, Colin,670059,2022,.213,.323,.273,.293,.110,88,12.4,5.6,29.5,87,45.1,
Mills, Wyatt,670090,2022,.238,.344,.305,.337,.107,87.7,15.9,2.9,29.5,76.3,50.2,
Oller, Adam,670124,2022,.294,.577,.420,.416,.283,90.6,13.7,8.6,26.9,88.4,42.1,
Schreiber, John,670167,2022,.167,.267,.223,.230,.100,87.9,4.9,4.8,32.3,72,48.2,
Winckowski, Josh,670174,2022,.258,.431,.324,.321,.173,88.4,4.8,7.8,21.8,86.5,53.4,
Bednar, David,670280,2022,.218,.382,.284,.281,.164,91,16.5,7.4,28.7,73,50.4,
Garcia, Rico,670329,2022,.334,.666,.417,.334,.332,90.1,23.9,12.5,31.3,80,49.2,
Diehl, Phillip,670426,2022,.355,.794,.488,.424,.440,94.5,20.4,27.3,31.1,89.2,49.2,
Brosseau, Mike,670712,2022,.501,.675,.530,.572,.174,93.7,7.2,0,16.7,92.3,45.5,
Gonzalez, Luis,670768,2022,.304,.437,.334,.339,.134,84.8,0.6,5.3,26.3,100,34.5,
Gillaspie, Logan,670810,2022,.328,.509,.386,.379,.181,88.7,12.4,2.4,24.4,82.3,50,
Oviedo, Johan,670912,2022,.239,.381,.292,.291,.142,85.9,11.2,4.9,29.4,81.3,54.5,
Richards, Trevor,670950,2022,.256,.495,.368,.365,.239,89.5,13.7,12.8,30.3,80,36.5,
Uceta, Edwin,670955,2022,.225,.347,.301,.324,.122,86.6,17.4,3.3,32.1,81.6,41.7,
Morejon, Adrian,670970,2022,.224,.389,.280,.265,.165,85.6,6.3,5.9,28.1,87.1,55.6,
Ramirez, Yohan,670990,2022,.267,.549,.409,.411,.282,89.6,18.9,16.7,23.2,73,52,
Foley, Jason,671345,2022,.296,.424,.338,.349,.128,89.7,4,4.8,31.8,89.5,54.5,
Bolanos, Ronald,671790,2022,.298,.480,.385,.416,.182,91,8.8,6.7,23,87,43.7,
Detmers, Reid,672282,2022,.263,.496,.354,.337,.233,89.4,16.5,9.4,26.9,81.7,49.8,
Perez, Cionel,672335,2022,.281,.469,.351,.355,.188,89.5,5.9,8,29.8,83.5,49.9,
Hernandez, Carlos,672578,2022,.299,.526,.393,.395,.227,88.9,12.9,8.9,23.8,79.6,45.3,
Contreras, Roansy,672710,2022,.274,.547,.380,.354,.274,91.2,16.1,13.3,33.1,84,46.5,
Morales, Francisco,672839,2022,.078,.089,.297,.414,.010,78.9,12.2,0,18.8,50,33.3,
Adon, Joan,672851,2022,.287,.510,.386,.391,.223,89.3,7.5,10,23.5,87,50.8,
Cruz, Jesus,672911,2022,.261,.536,.377,.356,.275,91,20.7,10.7,31.5,84.9,43.6,
Barker, Luke,673316,2022,.448,.840,.537,.448,.392,91.1,4.3,12.5,37,85,50,
Walsh, Jake,673904,2022,.222,.415,.354,.378,.193,92.7,18.2,14.3,20,76.2,46.2,
Grove, Michael,675627,2022,.252,.375,.318,.367,.123,94.8,15.4,0,26.2,82.4,54.3,
Strider, Spencer,675911,2022,.196,.330,.271,.280,.134,89,16.1,7.6,31,70.6,52.1,
Lowther, Zac,675912,2022,.357,.539,.397,.406,.182,89,18.9,4.2,17.3,93.9,48,
Karinchak, James,675916,2022,.281,.382,.370,.415,.102,92.8,18.3,0,14.6,100,40.6,
Howard, Spencer,675921,2022,.326,.655,.423,.363,.329,93.8,11.8,15.1,27,88.2,52.9,
Naughton, Packy,676050,2022,.230,.356,.269,.268,.126,84.2,7.2,6.7,33.2,77,41,
Snider, Collin,676092,2022,.322,.500,.393,.409,.178,90.1,9.3,5.7,28.2,83.8,43.9,
Jones, Damon,676103,2022,.210,.259,.355,.453,.050,87.3,21.6,0,24.2,84.6,41,
Tetreault, Jackson,676194,2022,.321,.611,.419,.392,.291,92.8,13.9,9.1,20.5,87.6,47.9,
Clement, Ernie,676391,2022,.509,.922,.551,.469,.413,91.6,5.2,18.2,25,92.9,42.9,
Whitlock, Garrett,676477,2022,.259,.444,.319,.303,.186,90.5,15.8,9.4,25.8,79.8,55.4,
Faucher, Calvin,676534,2022,.324,.664,.442,.398,.340,92.7,14.7,17.8,25.2,83.8,47.3,
Fleming, Josh,676596,2022,.273,.438,.337,.339,.165,90.2,-1.6,7.3,33.1,85.1,46.6,
Sanders, Phoenix,676637,2022,.286,.527,.353,.319,.242,92.9,15.5,9.5,28.7,88.6,56.3,
Sulser, Beau,676641,2022,.240,.441,.315,.318,.201,87.6,6.7,8.3,35.3,85.7,48.3,
Solomon, Jared,676660,2022,.175,.299,.276,.302,.123,90.9,22.6,4.2,21.7,71.7,47.1,
Sears, JP,676664,2022,.261,.390,.306,.312,.129,89.9,18,4.4,24.5,81.9,50.5,
Vest, Will,676684,2022,.249,.445,.335,.321,.196,89.1,4.5,8,27,81.9,52.5,
Crawford, Kutter,676710,2022,.224,.464,.329,.312,.240,89.6,22.9,11.4,26.7,80.4,48.6,
Hughes, Brandon,676714,2022,.231,.404,.307,.322,.173,87,15.6,8.9,31.1,80,50.5,
Romero, Tommy,676720,2022,.251,.699,.470,.459,.448,90.6,22.8,22.2,25,80,40.9,
Marinaccio, Ron,676760,2022,.141,.228,.259,.304,.086,84.5,20.7,4.8,28.4,77.5,43.4,
Whitley, Kodi,676831,2022,.280,.488,.386,.410,.208,90.2,15.7,8.3,26.5,76,50,
Peacock, Matt,676840,2022,.272,.394,.319,.337,.121,87.9,2,5.6,30.4,87.5,53.7,
Ashby, Aaron,676879,2022,.227,.360,.298,.313,.133,87.7,1.1,5.2,32.3,80.5,50.3,
Beasley, Jeremy,676886,2022,.204,.383,.282,.274,.178,91.3,19,7.7,34,74.6,44.6,
Garcia, Luis,677651,2022,.242,.449,.317,.294,.208,89.1,17.9,8.8,30.8,80.8,48.1,
Bruihl, Justin,677865,2022,.245,.401,.311,.327,.156,85.1,14.2,7.3,22.1,74.8,53.1,
Weathers, Ryan,677960,2022,.248,.296,.322,.391,.049,88.1,16.4,0,22.4,78.1,44.9,
Kerr, Ray,678061,2022,.298,.683,.504,.459,.385,87.4,19.7,21.4,20.4,82.8,44.3,
Bello, Brayan,678394,2022,.257,.362,.335,.381,.105,88.2,2.3,0,23,82,46,
Gray, Josiah,680686,2022,.235,.472,.337,.320,.237,88,23.8,11.8,28.9,78.8,46.6,
Bradish, Kyle,680694,2022,.313,.560,.398,.380,.247,91.4,9.9,11.7,26.3,87.5,48.4,
Sandlin, Nick,680704,2022,.209,.325,.306,.358,.115,84.3,5.3,5,23.5,81.5,44.7,
Winder, Josh,680739,2022,.260,.431,.334,.326,.171,89.1,17.1,6.3,24.9,83.6,48.5,
Silseth, Chase,681217,2022,.316,.552,.393,.374,.236,90.5,6,10,31.1,85,48.2,
Roberts, Ethan,681799,2022,.314,.652,.455,.440,.338,89.1,13.8,18.2,22.6,85.3,52.5,
Wantz, Andrew,681806,2022,.244,.523,.354,.311,.279,88.9,24.7,14.8,22.9,76.7,48.9,
Warren, Austin,681810,2022,.300,.614,.409,.375,.314,91.2,15.2,13.5,20.9,88.7,50.9,
Lee, Evan,681885,2022,.278,.462,.382,.412,.184,89,16.9,3.6,16.5,91.5,44.8,
Vesia, Alex,681911,2022,.219,.362,.298,.313,.144,86.8,15.2,5.5,29.2,71.4,50.3,
Hill, Garrett,682051,2022,.275,.500,.359,.341,.225,86.7,19.5,8.3,31.8,88.5,51.4,
Murfee, Penn,682171,2022,.179,.307,.237,.236,.128,87.3,22.8,6.3,30.4,83.7,52.2,
Pepiot, Ryan,686752,2022,.205,.358,.327,.362,.153,86.4,23.3,7.9,24.3,79,44.4,
Brieske, Beau,689225,2022,.303,.552,.383,.356,.249,88.8,17.1,11.2,25.5,83.4,51,
Elder, Bryce,693821,2022,.291,.550,.409,.415,.259,87.8,11.1,8.3,28.6,85.7,39.2,